iter	RMSE	RMSE
0	0.2926717738	0.2926717738
1	0.2905784687	0.2905784687
2	0.2885535722	0.2885535722
3	0.2865961726	0.2865961726
4	0.2847036538	0.2847036538
5	0.2828711244	0.2828711244
6	0.2811020287	0.2811020287
